,Vp,SCp,Vs,SCs,SCp-SCs
A,90.1,26.3,100.3,28.9,-2.6
C,113.2,49.4,122.1,50.4,-1
D,117.1,53.3,113.1,41.4,11.9
E,140.8,77,140.2,68.5,8.5
F,193.5,129.7,202.3,130.6,-0.9
G,63.8,0,71.7,0,0
H,159.3,95.5,163.9,92.2,3.3
I,164.9,101.1,175.4,103.7,-2.6
K,170,106.2,170.3,98.6,7.6
L,164.6,100.8,178.7,107,-6.2
M,167.7,103.9,174.9,103.2,0.7
N,127.5,63.7,128.4,56.7,7
P,123.1,59.3,137.2,65.5,-6.2
Q,149.4,85.6,156,84.3,1.3
R,192.8,129,192.8,121.1,7.9
S,94.2,30.4,100.7,29,1.4
T,120,56.2,127.6,55.9,0.3
V,139.1,75.3,150.6,78.9,-3.6
W,231.7,167.9,239,167.3,0.6
Y,197.1,133.3,205.3,133.6,-0.3
